"QuestionnaireID","QuestionnaireName","BatchID","Status","Item1","Item2","Item3","Item4","Item5","Item6","Item7","Item8","Item9","Item10","Total"
"0","Sample","1","Submitted","Option1","Option2","Option2","","","","","","","","9"
"0","Sample","2","Submitted","Option1","Option1","Option1",,,,,,,,"3"
"1","AZ AUS Engagement","1","Submitted","Option3","Option5","Option4","Option4","Option4","Option4","","","","","30"
"1","AZ AUS Engagement","2","Submitted","Option2","Option2","","","Option1","","","","","","7"
"2","AH Claims","1","Submitted","","","","","","","","","","","0"
"2","AH Claims","2","Submitted","","","","","","","","","","","0"
"3","Underwriting","1","Not Started","","","","","","","","","","","20"
"3","Underwriting","2","Not Started","","","","","","","","","","","35"
